slug,name,abbreviation,aliases,description,address,lat,lng,mon,tue,wed,thu,fri,sat,sun,image_url,source,location_verified_by
bizzell-memorial-library,Bizzell Memorial Library,,Bizzell;the library;Bizzell Library;main library,"OU's main library, between the North and South Ovals.",,35.208047,-97.445894,,,,,,,,,osm,
evans-hall,Evans Hall,,admin building;administration building,Administration building on the North Oval.,,35.208509,-97.445693,,,,,,,,,osm,
oklahoma-memorial-union,Oklahoma Memorial Union,OMU,the Union;Union;student union;Memorial Union,"Student union with the food court, bookstore and meeting space.",,35.209325,-97.444335,,,,,,,,,osm,
adams-hall,Adams Hall,,,Part of the Price College of Business.,,35.207953,-97.444403,,,,,,,,,osm,
price-hall,Price Hall,,Price College;Price College of Business;business school,Price College of Business.,307 West Brooks Street,35.207936,-97.443798,,,,,,,,,osm,
buchanan-hall,Buchanan Hall,,Buchanan,,1000 Asp Avenue,35.208501,-97.444481,,,,,,,,,osm,
burton-hall,Burton Hall,,,,610 Elm Avenue,35.208992,-97.448494,,,,,,,,,osm,
carl-albert-center,Carl Albert Center,,Carl Albert Congressional Research and Studies Center,,630 Parrington Oval,35.209402,-97.445020,,,,,,,,,osm,
carnegie-building,Carnegie Building,,Carnegie,,,35.208883,-97.445076,,,,,,,,,osm,
carpenter-hall,Carpenter Hall,,,,,35.210326,-97.444172,,,,,,,,,osm,
carson-engineering-center,Carson Engineering Center,CEC,Carson,Gallogly College of Engineering.,202 West Boyd Street,35.210758,-97.442805,,,,,,,,,osm,
catlett-music-center,Catlett Music Center,,Catlett;music building;School of Music,School of Music.,500 West Boyd Street,35.210412,-97.448421,,,,,,,,,osm,
chemistry-building,Chemistry Building,,chem building;Chemistry,Chemistry and biochemistry.,680 Parrington Oval,35.209402,-97.446302,,,,,,,,,osm,
chemistry-annex,Chemistry Annex,,,,680 Parrington Oval,35.209418,-97.446696,,,,,,,,,osm,
charles-m-russell-center,Charles M. Russell Center,,Russell Center,,,35.211930,-97.446688,,,,,,,,,osm,
devon-energy-hall,Devon Energy Hall,DEH,Devon;Devon Hall,Home of the School of Computer Science and the School of Electrical and Computer Engineering.,110 West Boyd Street,35.210760,-97.441796,,,,,,,,,osm,
gallogly-hall,Gallogly Hall,,Gallogly,Gallogly College of Engineering.,173 Felgar Street,35.210180,-97.442271,,,,,,,,,osm,
felgar-hall,Felgar Hall,,Felgar,Engineering classrooms and labs.,865 Asp Avenue,35.210220,-97.443003,,,,,,,,,osm,
engineering-laboratory,Engineering Laboratory,,,,200 Felgar Street,35.209447,-97.443130,,,,,,,,,osm,
rawl-engineering-practice-facility,ExxonMobil Lawrence G. Rawl Engineering Practice Facility,,Rawl;Rawl Engineering Practice Facility;REPF,,850 South Jenkins Avenue,35.210236,-97.441683,,,,,,,,,osm,
sarkeys-energy-center,Sarkeys Energy Center,SEC,Sarkeys,Mewbourne College of Earth and Energy.,,35.210401,-97.440442,,,,,,,,,osm,
physical-sciences-center,Physical Sciences Center,PHSC,PSC,"Mathematics, physics and astronomy.",601 Elm Avenue,35.209309,-97.447267,,,,,,,,,osm,
old-science-hall,Old Science Hall,,,,640 Parrington Oval,35.208894,-97.446299,,,,,,,,,osm,
fred-jones-jr-museum-of-art,Fred Jones Jr. Museum of Art,FJJMA,art museum;Fred Jones Museum,Art museum.,555 Elm Avenue,35.210718,-97.447323,,,,,,,,,osm,
fred-jones-jr-art-center,Fred Jones Jr. Art Center,,Fred Jones Center;art building,,520 Parrington Oval,35.210740,-97.446583,,,,,,,,,osm,
reynolds-performing-arts-center,Reynolds Performing Arts Center,,Reynolds,,560 Parrington Oval,35.210191,-97.446646,,,,,,,,,osm,
jacobson-hall,Jacobson Hall,,,,,35.210290,-97.444915,,,,,,,,,osm,
boyd-house,Boyd House,,,,,35.211616,-97.446214,,,,,,,,,osm,
goddard-health-center,Goddard Health Center,,Goddard;health center;student health,Student health services.,620 Elm Avenue,35.208413,-97.448552,,,,,,,,,osm,
ellison-hall,Ellison Hall,,,,465-477 West Brooks Street,35.207929,-97.447387,,,,,,,,,osm,
farzaneh-hall,Farzaneh Hall,,Hester Hall;Hester,Formerly Hester Hall.,,35.207008,-97.447510,,,,,,,,,osm,
nielsen-hall,Nielsen Hall,,,,440 West Brooks Street,35.207079,-97.446738,,,,,,,,,osm,
robertson-hall,Robertson Hall,,,,,35.206184,-97.447473,,,,,,,,,osm,
kaufman-hall,Kaufman Hall,,,,780 Van Vleet Oval,35.206114,-97.446621,,,,,,,,,osm,
lin-hall,Lin Hall,,,,Van Vleet Oval,35.206649,-97.446570,,,,,,,,,osm,
collings-hall,Collings Hall,,,,860 Van Vleet Oval,35.205569,-97.446521,,,,,,,,,osm,
copeland-hall,Copeland Hall,,,,433 West Lindsey Street,35.204759,-97.446587,,,,,,,,,osm,
dale-hall,Dale Hall,,Dale,Large lecture classrooms.,455 West Lindsey Street,35.204289,-97.446638,,,,,,,,,osm,
dale-hall-tower,Dale Hall Tower,,DHT,,,35.204281,-97.447218,,,,,,,,,osm,
gould-hall,Gould Hall,,Gould,Christopher C. Gibbs College of Architecture.,830 Van Vleet Oval,35.205434,-97.444899,,,,,,,,,osm,
gaylord-hall,Gaylord Hall,,Gaylord College;journalism building,Gaylord College of Journalism and Mass Communication.,395 West Lindsey Street,35.204511,-97.444872,,,,,,,,,osm,
george-lynn-cross-hall,George Lynn Cross Hall,,Cross Hall;GLCH,,1140 Asp Avenue,35.206546,-97.445047,,,,,,,,,osm,
richards-hall,Richards Hall,,,,1100 Asp Avenue,35.207064,-97.444762,,,,,,,,,osm,
armory,Armory,,,,,35.206876,-97.443812,,,,,,,,,osm,
wagner-hall,Lissa and Cy Wagner Hall,,Wagner Hall;Wagner;Student Academic Services Center,"Student academic services, including tutoring and advising.",1005 Asp Avenue,35.208393,-97.443079,,,,,,,,,osm,
mccasland-field-house,McCasland Field House,,Field House,,,35.208109,-97.442324,,,,,,,,,osm,
memorial-stadium,Gaylord Family–Oklahoma Memorial Stadium,,Memorial Stadium;the stadium;Owen Field;football stadium,Home of Sooner football.,,35.205667,-97.442256,,,,,,,,,osm,
everest-training-center,Everest Training Center,,,,,35.204635,-97.438777,,,,,,,,,osm,
mosier-indoor-athletic-facility,Mosier Indoor Athletic Facility,,,,,35.204857,-97.437948,,,,,,,,,osm,
asp-avenue-parking-facility,Asp Avenue Parking Facility,,Asp garage;Asp Avenue garage,Parking garage.,,35.205714,-97.443774,,,,,,,,,osm,
elm-avenue-parking-facility,Elm Avenue Parking Facility,,Elm garage;Elm Avenue garage,Parking garage.,594-614 Elm Avenue,35.209541,-97.448414,,,,,,,,,osm,
jenkins-parking-garage,Jenkins Parking Garage,,Jenkins garage,Parking garage.,1332 Jenkins Avenue,35.201959,-97.441904,,,,,,,,,osm,
timberdell-parking-garage,Timberdell Parking Garage,,Timberdell garage,Parking garage.,,35.197236,-97.442200,,,,,,,,,osm,
union-parking-center,Oklahoma Memorial Union Parking Center,,Union garage;Union parking,Parking garage.,,35.210047,-97.444348,,,,,,,,,osm,
cate-center-1,Cate Center 1,CCD1,Cate 1,,Cate Center Drive,35.203510,-97.445116,,,,,,,,,osm,
cate-center-2,Cate Center 2,CCD2,Cate 2,,Cate Center Drive,35.203514,-97.446295,,,,,,,,,osm,
cate-center-4,Cate Center 4,CCD4,Cate 4,,Cate Center Drive,35.202617,-97.446292,,,,,,,,,osm,
david-l-boren-hall,David L. Boren Hall,,Boren Hall;Boren;Honors College,Residence hall and home of the Honors College.,1300 Asp Avenue,35.203146,-97.444868,,,,,,,,,osm,
dunham-college,Dunham College,,Dunham,Residential college.,250 West Lindsey Street,35.203337,-97.443337,,,,,,,,,osm,
headington-college,Headington College,,,Residential college.,200 West Lindsey Street,35.203314,-97.442308,,,,,,,,,osm,
headington-hall,Headington Hall,,,Residence hall.,,35.203148,-97.440739,,,,,,,,,osm,
couch-restaurants,Couch Restaurants,,Couch Center;Couch Cafeteria;the caf;Couch dining,Main campus dining hall.,,35.200341,-97.445704,,,,,,,,,osm,
couch-tower,Couch Tower,,Couch,Residence hall.,,35.200343,-97.444907,,,,,,,,,osm,
walker-tower,Walker Tower,,Walker Center;Walker,Residence hall.,,35.201603,-97.444892,,,,,,,,,osm,
sj-sarkeys-complex,S.J. Sarkeys Complex,,Sarkeys Complex,,,35.201631,-97.443823,,,,,,,,,osm,
sarkeys-fitness-center,Sarkeys Fitness Center,,gym;rec center;fitness center,Campus recreation and fitness center.,1401 Asp Avenue,35.201445,-97.442954,,,,,,,,,osm,
ou-food-pantry,University of Oklahoma Food Pantry,,food pantry,Food pantry for students.,331 Cate Center Drive,35.203082,-97.446266,,,,,,,,,osm,
jim-thorpe-multicultural-center,Jim Thorpe Multicultural Center,,Thorpe Center,,,35.198763,-97.445949,,,,,,,,,osm,
mccarter-hall,McCarter Hall of Advanced Studies,,McCarter Hall,,1610 South Asp Avenue,35.198832,-97.444909,,,,,,,,,osm,
boomer-outreach-building,Boomer Outreach Building,,,,,35.197374,-97.445964,,,,,,,,,osm,
thurman-j-white-forum,Thurman J. White Forum,,OCCE Forum;OCCCE Forum;Forum Building,,1704 South Asp Avenue,35.198056,-97.445603,,,,,,,,,osm,
coats-hall,Andrew M. Coats Hall,,Coats Hall;College of Law;Law Center;law school;Law Library,College of Law and Law Library.,300 West Timberdell Road,35.195970,-97.446797,,,,,,,,,osm,
ou-foundation,University of Oklahoma Foundation,,OU Foundation,,,35.195889,-97.444842,,,,,,,,,osm,
sam-noble-museum,Sam Noble Oklahoma Museum of Natural History,,Sam Noble Museum;natural history museum,Natural history museum.,2401 Chautauqua Avenue,35.194413,-97.449026,,,,,,,,,osm,
traditions-square-east,Traditions Square East,,Traditions East,Campus apartments.,,35.192960,-97.446237,,,,,,,,,osm,
traditions-square-west-clubhouse,Traditions Square West Clubhouse,,Traditions West,Campus apartments clubhouse.,2730 Chautauqua Avenue,35.190132,-97.450975,,,,,,,,,osm,
lloyd-noble-center,Lloyd Noble Center,LNC,arena,Arena and event venue.,2900 Jenkins Avenue,35.187032,-97.444274,,,,,,,,,osm,
headington-family-tennis-center,Headington Family Tennis Center,,tennis center,,,35.187360,-97.448718,,,,,,,,,osm,
sam-viersen-gymnastics-center,Sam Viersen Gymnastics Practice Facility,,gymnastics,,,35.190300,-97.443845,,,,,,,,,osm,
ou-police-department,University of Oklahoma Police Department,,OUPD;campus police,Campus police.,,35.189834,-97.435037,,,,,,,,,osm,
national-weather-center,National Weather Center,NWC,weather center,Home of the School of Meteorology and NOAA weather research offices.,120 David L Boren Boulevard,35.181566,-97.439860,,,,,,,,,osm,
stephenson-research-technology-center,Stephenson Research & Technology Center,SRTC,,,101 David L Boren Boulevard,35.183691,-97.440365,,,,,,,,,osm,
stephenson-life-sciences-research-center,Stephenson Life Sciences Research Center,SLSRC,,,,35.185879,-97.440431,,,,,,,,,osm,
one-partners-place,One Partners Place,,,,,35.182518,-97.437078,,,,,,,,,osm,
two-partners-place,Two Partners Place,,,,3100 Monitor Avenue,35.182803,-97.436059,,,,,,,,,osm,
tom-love-innovation-hub,Tom Love Innovation Hub,,Innovation Hub;Three Partners Place,Entrepreneurship and maker space.,201 David L Boren Boulevard,35.183716,-97.438134,,,,,,,,,osm,
four-partners-place,Four Partners Place,,,,301 David L Boren Boulevard,35.183706,-97.437115,,,,,,,,,osm,
five-partners-place,Five Partners Place,,,,,35.185740,-97.439065,,,,,,,,,osm,
radar-innovations-laboratory,Radar Innovations Laboratory,,RIL,,3190 Monitor Avenue,35.181237,-97.436864,,,,,,,,,osm,
